CODUSU,ANO4,TRIMESTRE,NRO_HOGAR,COMPONENTE,H15,REGION,MAS_500,AGLOMERADO,PONDERA,CH03,CH04,CH06,CH07,CH08,NIVEL_ED,ESTADO,CAT_OCUP,INTENSI,PP04A,PP04B_COD,PP04C,PP04D_COD,PP04G,PP07H,PP07I,P21,PONDIIO,P47T,PONDII,EMPLEO,SECTOR
TQRMNOQYRHLNNTCDEIIAD00860428,2024,4,1,2,2,1,S,32,1700,2,2,50,1,1,4,0,,,,,,,,,,0.0,1700,,1700,,
TQRMNOQTTHLMRUCDEIJAH00855541,2024,4,1,3,2,1,S,33,2225,3,1,40,5,4,2,0,,,,,,,,,,0.0,2225,,2225,,
TQRMNOQTTHLMRUCDEIJAH00855541,2024,4,1,7,2,1,S,33,2225,3,1,19,5,4,3,0,,,,,,,,,,0.0,2225,,2225,,
TQRMNOQYUHJOSPCDEIJAH00872672,2024,4,1,2,2,1,S,33,891,2,1,25,1,4,4,0,,,,,,,,,,0.0,891,,891,,
TQRMNOQVWHKMPRCDEIJAH00869944,2024,4,1,2,2,1,S,33,2430,3,1,34,5,1,4,0,,,,,,,,,,0.0,2430,,2430,,
TQRMNOQVWHKMPRCDEIJAH00869944,2024,4,1,3,2,1,S,33,2430,3,2,21,5,1,5,0,,,,,,,,,,0.0,2430,,2430,,
TQRMNOQXSHKOOMCDEIJAH00868988,2024,4,1,2,2,1,S,33,2730,2,2,34,1,1,5,0,,,,,,,,,,0.0,2730,,2730,,
TQRMNOTQVHJMNLCDEIJAH00872923,2024,4,1,3,2,1,S,33,2994,4,1,37,2,4,4,0,,,,,,,,,,0.0,2994,,2994,,
TQRMNOPWWHLMPUCDEIJAH00855147,2024,4,1,2,2,1,S,33,2549,3,1,14,5,1,3,0,,,,,,,,,,0.0,2549,,2549,,
TQRMNORQPHKMTOCDEIJAH00873213,2024,4,1,1,2,1,S,33,2194,1,2,66,3,1,3,0,,,,,,,,,,0.0,2194,,2194,,
TQRMNORQPHKMTOCDEIJAH00873213,2024,4,1,2,2,1,S,33,2194,5,1,28,5,4,5,0,,,,,,,,,,0.0,2194,,2194,,
TQRMNOSTTHKKSMCDEIJAH00869970,2024,4,1,2,2,1,S,33,2485,2,2,47,2,4,6,0,,,,,,,,,,0.0,2485,,2485,,
TQRMNOSTTHKKSMCDEIJAH00869970,2024,4,1,3,2,1,S,33,2485,3,1,11,5,4,3,0,,,,,,,,,,0.0,2485,,2485,,
TQRMNOPRRHLLKRCDEHJGH00853894,2024,4,1,2,2,40,S,23,276,9,2,39,5,1,4,0,,,,,,,,,,0.0,276,,276,,
TQRMNOPRRHLLKRCDEHJGH00853894,2024,4,1,3,2,40,S,23,276,9,1,37,5,4,4,0,,,,,,,,,,0.0,276,,276,,
TQRMNORSTHJNLLCDEGNFJ00873890,2024,4,1,2,2,44,N,17,198,3,1,40,5,1,3,0,,,,,,,,,,0.0,198,,198,,
TQRMNORTXHLNKUCDEHJGH00859019,2024,4,1,2,2,40,S,23,220,3,1,39,3,1,4,0,,,,,,,,,,0.0,220,,220,,
TQRMNOQWTHLMNSCDEIJAH00855116,2024,4,1,2,2,1,S,33,1165,3,1,37,5,1,4,0,,,,,,,,,,0.0,1165,,1165,,
TQRMNOQWTHLMNSCDEIJAH00855116,2024,4,1,3,2,1,S,33,1165,3,1,34,2,1,4,0,,,,,,,,,,0.0,1165,,1165,,
TQRMNOQWTHLMNSCDEIJAH00855116,2024,4,1,4,2,1,S,33,1165,3,1,21,5,1,3,0,,,,,,,,,,0.0,1165,,1165,,
TQRMNOQWTHLMNSCDEIJAH00855116,2024,4,1,5,2,1,S,33,1165,4,2,30,2,1,4,0,,,,,,,,,,0.0,1165,,1165,,
TQRMNOQWTHLMNSCDEIJAH00855116,2024,4,1,6,2,1,S,33,1165,5,2,11,5,1,1,0,,,,,,,,,,0.0,1165,,1165,,
TQRMNORRPHKLLLCDEIKAH00867351,2024,4,1,2,2,43,S,34,866,3,1,46,5,2,4,0,,,,,,,,,,0.0,866,,866,,
TQRMNOPRTHLOMLCDEHPJB00854423,2024,4,1,2,2,40,S,29,329,2,2,50,2,1,2,0,,,,,,,,,,0.0,329,,329,,
TQRMNOQWXHLLSOCDEIJAH00874325,2024,4,1,3,2,1,S,33,403,3,1,22,5,1,4,0,,,,,,,,,,0.0,403,,403,,
TQSMNOPVYHMOSLCDEIJAH00867583,2024,4,1,2,2,1,S,33,1639,2,2,47,1,4,4,0,,,,,,,,,,0.0,1639,,1639,,
TQRMNOQWWHMLKNCDEHJGH00874696,2024,4,1,3,2,40,S,23,292,3,1,48,5,1,6,0,,,,,,,,,,0.0,292,,292,,
TQRMNOPPWHMNLSCDEHJGH00811021,2024,4,1,4,2,40,S,23,336,3,2,39,5,3,3,0,,,,,,,,,,0.0,336,,336,,
TQRMNOPPWHMNLSCDEHJGH00811021,2024,4,1,7,2,40,S,23,336,5,1,14,5,3,3,0,,,,,,,,,,0.0,336,,336,,
TQRMNOPPWHMNLSCDEHJGH00811021,2024,4,1,8,2,40,S,23,336,5,1,11,5,3,1,0,,,,,,,,,,0.0,336,,336,,
TQRMNOPPWHMNLSCDEHJGH00811021,2024,4,1,9,2,40,S,23,336,3,2,31,2,4,3,0,,,,,,,,,,0.0,336,,336,,
TQRMNOPPWHMNLSCDEHJGH00811021,2024,4,1,13,2,40,S,23,336,4,1,31,2,,4,0,,,,,,,,,,0.0,336,,336,,
TQRMNOQQQHKKKTCDEIIAD00867603,2024,4,1,2,2,1,S,32,769,2,2,49,2,1,6,0,,,,,,,,,,0.0,769,,769,,
TQRMNOTRXHMOKTCDEFMDB00809248,2024,4,1,2,2,43,N,6,177,3,1,45,5,1,5,0,,,,,,,,,,0.0,177,,177,,
TQRMNOQSRHLORPCDEIJAH00874940,2024,4,1,2,2,1,S,33,2815,2,1,56,1,4,1,0,,,,,,,,,,0.0,2815,,2815,,
TQRMNOQPVHKLKSCDEHJGH00875448,2024,4,1,1,2,40,S,23,329,1,1,34,1,1,4,0,,,,,,,,,,0.0,329,,329,,
TQRMNOQVVHLMSUCDEIJAH00860540,2024,4,2,2,2,1,S,33,2422,2,2,39,1,1,4,0,,,,,,,,,,0.0,2422,,2422,,
TQRMNOQVSHJOOQCDEIJAH00875268,2024,4,1,3,2,1,S,33,3581,3,1,49,5,1,4,0,,,,,,,,,,0.0,3581,,3581,,
TQRMNOUVRHKOKTCDEIJAH00868047,2024,4,1,3,2,1,S,33,2590,3,1,36,5,1,5,0,,,,,,,,,,0.0,2590,,2590,,
TQRMNOQUXHJOLMCDEFMDB00875325,2024,4,1,1,2,43,N,6,213,1,1,26,1,4,3,0,,,,,,,,,,0.0,213,,213,,
TQRMNOSUVHKNPOCDEIJAH00870979,2024,4,1,2,2,1,S,33,1601,3,2,22,,,4,0,,,,,,,,,,0.0,1601,,1601,,
TQRMNORPPHKMKUCDEOHCH00871021,2024,4,1,3,2,44,N,91,117,3,1,45,5,,4,0,,,,,,,,,,0.0,117,,117,,
TQRMNORRTHMOKTCDEFMDB00809271,2024,4,1,1,2,43,N,6,204,1,2,32,1,1,5,0,,,,,,,,,,0.0,204,,204,,
TQRMNORRTHMOKTCDEFMDB00809271,2024,4,1,2,2,43,N,6,204,2,1,37,1,1,5,0,,,,,,,,,,0.0,204,,204,,
TQRMNOQUVHJOKSCDEHNHB00876063,2024,4,1,4,2,42,S,27,324,3,1,37,5,4,2,0,,,,,,,,,,0.0,324,,324,,
TQRMNOPTXHJKLLCDEOJAH00876107,2024,4,1,1,2,44,N,93,106,1,1,55,1,1,3,0,,,,,,,,,,0.0,106,,106,,
TQRMNOTQVHMOKSCDEHPJB00811590,2024,4,1,3,2,40,S,29,437,8,1,37,5,4,2,0,,,,,,,,,,0.0,437,,437,,
TQRMNOPTXHJKLLCDEOJAH00876107,2024,4,1,2,2,44,N,93,106,2,2,54,1,1,3,0,,,,,,,,,,0.0,106,,106,,
TQRMNOPSSHLMLQCDEHJGH00853822,2024,4,1,3,2,40,S,23,319,3,2,31,5,4,4,0,,,,,,,,,,0.0,319,,319,,
TQSMNOQPYHLOKOCDEGGFB00856831,2024,4,1,2,2,42,S,10,742,2,2,30,1,1,6,0,,,,,,,,,,0.0,742,,742,,
TQRMNOTTQHJNRPCDEIJAH00876825,2024,4,1,2,2,1,S,33,1876,2,1,50,1,1,2,0,,,,,,,,,,0.0,1876,,1876,,
TQRMNOUSPHLMLMCDEIJAH00861039,2024,4,1,2,2,1,S,33,4457,3,2,20,5,4,3,0,,,,,,,,,,0.0,4457,,4457,,
TQRMNOPXYHJMLOCDEIJAH00876981,2024,4,1,3,2,1,S,33,1630,3,1,21,5,1,5,0,,,,,,,,,,0.0,1630,,1630,,
TQRMNOQXWHKMKNCDEIJAH00877266,2024,4,1,1,2,1,S,33,2337,1,2,59,5,1,6,0,,,,,,,,,,0.0,2337,,2337,,
TQRMNOQVWHKOKOCDEFKID00871484,2024,4,1,5,2,43,S,4,1022,3,2,11,5,4,1,0,,,,,,,,,,0.0,1022,,1022,,
TQRMNORVYHKMNUCDEIIAD00867044,2024,4,1,1,2,1,S,32,921,1,1,56,1,2,6,0,,,,,,,,,,0.0,921,,921,,
TQRMNOPSWHLNTPCDEIJAH00894186,2025,4,1,3,2,1,S,33,167,3,1,37,5,1,4,0,,,,,,,,,,0.0,167,,167,,
TQRMNOSXQHMMTPCDEIJAH00895056,2025,4,1,3,2,1,S,33,2496,3,1,30,5,1,5,0,,,,,,,,,,0.0,2496,,2496,,
TQRMNORPXHMMONCDEIJAH00892059,2025,4,1,3,2,1,S,33,2402,8,1,50,5,,3,0,,,,,,,,,,0.0,2402,,2402,,
TQRMNOPQSHMOKQCDEIJAH00895692,2025,4,1,2,2,1,S,33,2092,2,2,61,2,12,3,0,,,,,,,,,,0.0,2092,,2092,,
TQRMNOQQVHLMNNCDEIIAD00893705,2025,4,1,2,2,1,S,32,4625,2,2,53,1,1,6,0,,,,,,,,,,0.0,4625,,4625,,
TQRMNOTYWHLNOMCDEIIAD00893272,2025,4,1,2,2,1,S,32,3678,2,2,27,5,4,5,0,,,,,,,,,,0.0,3678,,3678,,
TQRMNOPTWHLLNMCDEIIAD00893704,2025,4,1,3,2,1,S,32,1752,3,1,21,5,1,5,0,,,,,,,,,,0.0,1752,,1752,,
TQRMNOQSPHJMLUCDEFIAH00875938,2025,4,1,1,2,43,S,2,818,1,2,38,1,4,5,0,,,,,,,,,,0.0,818,,818,,
TQRMNOSRTHLMKOCDEFIAH00894561,2025,4,1,2,2,43,S,2,659,9,2,29,5,4,5,0,,,,,,,,,,0.0,659,,659,,
TQRMNOQUPHLMKQCDEFIAH00896816,2025,4,1,1,2,43,S,2,639,1,2,51,2,1,6,0,,,,,,,,,,0.0,639,,639,,
TQRMNOQUPHLMKQCDEFIAH00896816,2025,4,1,2,2,43,S,2,639,2,1,38,2,1,6,0,,,,,,,,,,0.0,639,,639,,
TQRMNOQUPHLMKQCDEFIAH00896816,2025,4,1,5,2,43,S,2,639,4,1,30,1,1,5,0,,,,,,,,,,0.0,639,,639,,
TQRMNOPURHKNLPCDEFIAH00867534,2025,4,1,6,2,43,S,2,848,5,1,30,5,4,3,0,,,,,,,,,,0.0,848,,848,,
TQRMNOQRQHLNKNCDEFIAH00893790,2025,4,1,2,2,43,S,2,1367,3,1,33,5,1,5,0,,,,,,,,,,0.0,1367,,1367,,
TQRMNOQRQHLNKNCDEFIAH00893790,2025,4,1,3,2,43,S,2,1367,3,1,30,5,1,6,0,,,,,,,,,,0.0,1367,,1367,,
TQRMNOSRTHMNKMCDEFIAH00889699,2025,4,1,5,2,43,S,2,1177,9,1,34,1,4,4,0,,,,,,,,,,0.0,1177,,1177,,
TQRMNOSPSHJNMRCDEIJAH00875878,2025,4,1,2,2,1,S,33,1136,3,1,47,,,4,0,,,,,,,,,,0.0,1136,,1136,,
TQRMNOQSTHKKSQCDEIJAH00888667,2025,4,1,3,2,1,S,33,1990,3,2,20,5,1,3,0,,,,,,,,,,0.0,1990,,1990,,
TQRMNORRRHKLLLCDEIKAH00869272,2025,4,1,1,2,43,S,34,593,1,2,47,1,2,6,0,,,,,,,,,,0.0,593,,593,,
TQRMNORUQHJKNPCDEIJAH00878866,2025,4,1,4,2,1,S,33,702,10,2,47,,,2,0,,,,,,,,,,0.0,702,,702,,
TQRMNORVSHJMPOCDEIJAH00877446,2025,4,1,3,2,1,S,33,3438,9,1,35,5,,2,0,,,,,,,,,,0.0,3438,,3438,,
TQRMNOQQUHJMQLCDEIJAH00875275,2025,4,1,1,2,1,S,33,1440,1,2,25,5,4,5,0,,,,,,,,,,0.0,1440,,1440,,
TQRMNOQRVHKKPQCDEIJAH00889962,2025,4,1,2,2,1,S,33,2181,2,1,50,2,2,4,0,,,,,,,,,,0.0,2181,,2181,,
TQRMNOQRVHKKPQCDEIJAH00889962,2025,4,1,1,2,1,S,33,2181,1,2,45,2,2,5,0,,,,,,,,,,0.0,2181,,2181,,
TQRMNOSSRHKOKMCDEIJAH00868742,2025,4,1,2,2,1,S,33,1586,9,2,28,5,,5,0,,,,,,,,,,0.0,1586,,1586,,
TQRMNOQWPHKOTNCDEIJAH00869842,2025,4,1,4,2,1,S,33,2817,3,1,23,5,4,4,0,,,,,,,,,,0.0,2817,,2817,,
TQRMNOSPPHLMQNCDEIJAH00894821,2025,4,1,3,2,1,S,33,1964,3,1,16,5,1,4,0,,,,,,,,,,0.0,1964,,1964,,
TQRMNOQQPHLMMLCDEIJAH00895133,2025,4,1,2,2,1,S,33,1636,2,2,44,2,,4,0,,,,,,,,,,0.0,1636,,1636,,
TQRMNORWPHKOQQCDEIJAH00894849,2025,4,1,5,2,1,S,33,3031,8,2,25,5,4,4,0,,,,,,,,,,0.0,3031,,3031,,
TQRMNOWYUHKOKMCDEFOCD00872158,2025,4,1,2,2,41,N,8,350,8,1,42,5,4,3,0,,,,,,,,,,0.0,350,,350,,
TQRMNOQUUHLOKUCDEGIBJ00894845,2025,4,1,1,2,41,N,12,442,1,2,52,3,4,2,0,,,,,,,,,,0.0,442,,442,,
TQRMNOQUUHLOKUCDEGIBJ00894845,2025,4,1,2,2,41,N,12,442,3,2,25,5,4,5,0,,,,,,,,,,0.0,442,,442,,
TQRMNOQUUHLOKUCDEGIBJ00894845,2025,4,1,3,2,41,N,12,442,6,2,89,5,1,2,0,,,,,,,,,,0.0,442,,442,,
TQRMNOQUUHLOKUCDEGIBJ00894845,2025,4,1,4,2,41,N,12,442,3,2,12,5,1,1,0,,,,,,,,,,0.0,442,,442,,
TQRMNOQUUHLOKUCDEGIBJ00894845,2025,4,1,5,2,41,N,12,442,3,2,13,5,4,3,0,,,,,,,,,,0.0,442,,442,,
TQRMNOQUUHLOKUCDEGIBJ00894845,2025,4,1,6,2,41,N,12,442,5,1,13,5,4,3,0,,,,,,,,,,0.0,442,,442,,
TQRMNOPSXHKOKTCDEFOCD00876531,2025,4,1,2,2,41,N,8,357,3,1,24,5,1,6,0,,,,,,,,,,0.0,357,,357,,
TQRMNOQXUHMOKUCDEFOCD00888167,2025,4,1,4,2,41,N,8,416,9,1,30,5,4,4,0,,,,,,,,,,0.0,416,,416,,
TQRMNOQTXHMLLPCDEOHCH00888995,2025,4,1,2,2,44,N,91,138,2,2,99,2,1,4,0,,,,,,,,,,0.0,138,,138,,
TQRMNOQTPHJMKNCDEGLDF00896485,2025,4,1,3,2,41,N,15,297,3,2,10,5,1,1,0,,,,,,,,,,0.0,297,,297,,
TQRMNOQYYHKMKPCDEGKDB00867512,2025,4,1,2,2,43,N,14,99,2,2,75,2,1,2,0,,,,,,,,,,0.0,99,,99,,
TQRMNOPTYHKMLPCDEGKDB00871336,2025,4,1,3,2,43,N,14,106,3,1,12,5,1,1,0,,,,,,,,,,0.0,106,,106,,
TQRMNORPRHKMKPCDEGKDB00870847,2025,4,1,3,2,43,N,14,93,4,2,37,1,4,4,0,,,,,,,,,,0.0,93,,93,,
TQRMNOQVQHKNKOCDEFMDB00872504,2025,4,3,1,2,43,N,6,101,1,1,68,1,1,6,0,,,,,,,,,,0.0,101,,101,,
TQRMNOQVQHKNKOCDEFMDB00872504,2025,4,3,2,2,43,N,6,101,2,2,76,1,1,4,0,,,,,,,,,,0.0,101,,101,,
TQRMNOPPVHMLKSCDEFMDB00890577,2025,4,1,1,2,43,N,6,358,1,1,44,5,1,6,0,,,,,,,,,,0.0,358,,358,,
TQRMNOPPVHMLKSCDEFMDB00890577,2025,4,1,2,2,43,N,6,358,6,2,83,4,1,6,0,,,,,,,,,,0.0,358,,358,,
TQRMNORYXHJOKNCDEGKDB00873551,2025,4,1,4,2,43,N,14,125,3,2,17,5,1,3,0,,,,,,,,,,0.0,125,,125,,
TQRMNOQWXHKNKNCDEGKDB00870379,2025,4,1,3,2,43,N,14,113,5,2,25,5,1,6,0,,,,,,,,,,0.0,113,,113,,
TQRMNORQQHKKLNCDEGKDB00875467,2025,4,1,2,2,43,N,14,107,6,2,58,5,4,1,0,,,,,,,,,,0.0,107,,107,,
TQRMNORPYHMMKPCDEGLDF00889590,2025,4,1,1,2,41,N,15,127,1,1,50,5,,5,0,,,,,,,,,,0.0,127,,127,,
TQRMNORTUHJMLQCDEGNFJ00875962,2025,4,2,2,2,44,N,17,269,10,1,48,2,1,3,0,,,,,,,,,,0.0,269,,269,,
TQRMNORRPHMOLQCDEGGFB00890410,2025,4,1,4,2,42,S,10,1182,3,2,10,5,4,1,0,,,,,,,,,,0.0,1182,,1182,,
TQRMNORUWHKMLLCDEHJGH00887671,2025,4,1,2,2,40,S,23,322,2,1,56,1,1,6,0,,,,,,,,,,0.0,322,,322,,
TQRMNORUWHKMLLCDEHJGH00887671,2025,4,1,5,2,40,S,23,322,3,1,28,5,4,4,0,,,,,,,,,,0.0,322,,322,,
TQRMNOSUTHMNLQCDEHJGH00890724,2025,4,1,6,2,40,S,23,474,4,1,28,1,,4,0,,,,,,,,,,0.0,474,,474,,
TQRMNORTWHMKLSCDEHNHB00888098,2025,4,1,2,2,42,S,27,616,2,2,30,1,1,6,0,,,,,,,,,,0.0,616,,616,,
TQRMNOTUXHMMKNCDEHNHB00896835,2025,4,1,2,2,42,S,27,637,2,2,58,2,1,6,0,,,,,,,,,,0.0,637,,637,,
TQRMNOTUXHMMKNCDEHNHB00896835,2025,4,1,3,2,42,S,27,637,3,1,26,5,1,5,0,,,,,,,,,,0.0,637,,637,,
TQRMNOQPTHMMLNCDEHJGH00891585,2025,4,1,3,2,40,S,23,274,9,2,22,5,1,5,0,,,,,,,,,,0.0,274,,274,,
TQRMNOQPTHMMLNCDEHJGH00891585,2025,4,1,2,2,40,S,23,274,9,2,24,5,1,5,0,,,,,,,,,,0.0,274,,274,,
TQRMNOSWQHMOKPCDEFKID00888424,2025,4,1,4,2,43,S,4,950,4,1,42,2,12,4,0,,,,,,,,,,0.0,950,,950,,
TQRMNOQRQHKKKUCDEHPJB00871256,2025,4,1,2,2,40,S,29,457,8,2,26,5,4,6,0,,,,,,,,,,0.0,457,,457,,
TQRMNOPVPHKMKNCDEIHJF00871563,2025,4,1,3,2,44,N,31,147,3,1,20,5,2,5,0,,,,,,,,,,0.0,147,,147,,
TQRMNOTWRHKOLPCDEHPJB00889736,2025,4,1,2,2,40,S,29,349,3,1,21,5,4,3,0,,,,,,,,,,0.0,349,,349,,
